Game ID,Game URL
22500001,https://www.nba.com/game/hou-vs-okc-0022500001
22500002,https://www.nba.com/game/gsw-vs-lal-0022500002
22500003,https://www.nba.com/game/cle-vs-nyk-0022500003
22500080,https://www.nba.com/game/bkn-vs-cha-0022500080
22500081,https://www.nba.com/game/mia-vs-orl-0022500081
22500082,https://www.nba.com/game/tor-vs-atl-0022500082
22500083,https://www.nba.com/game/phi-vs-bos-0022500083
22500084,https://www.nba.com/game/det-vs-chi-0022500084
22500085,https://www.nba.com/game/nop-vs-mem-0022500085
22500086,https://www.nba.com/game/was-vs-mil-0022500086
22500087,https://www.nba.com/game/lac-vs-uta-0022500087
22500004,https://www.nba.com/game/sas-vs-dal-0022500004
22500088,https://www.nba.com/game/sac-vs-phx-0022500088
22500089,https://www.nba.com/game/min-vs-por-0022500089
22500005,https://www.nba.com/game/okc-vs-ind-0022500005
22500006,https://www.nba.com/game/den-vs-gsw-0022500006
22500090,https://www.nba.com/game/atl-vs-orl-0022500090
22500018,https://www.nba.com/game/bos-vs-nyk-0022500018
22500091,https://www.nba.com/game/cle-vs-bkn-0022500091
22500093,https://www.nba.com/game/det-vs-hou-0022500093
22500094,https://www.nba.com/game/mia-vs-mem-0022500094
22500095,https://www.nba.com/game/sas-vs-nop-0022500095
22500096,https://www.nba.com/game/was-vs-dal-0022500096
22500019,https://www.nba.com/game/min-vs-lal-0022500019
22500097,https://www.nba.com/game/gsw-vs-por-0022500097
22500098,https://www.nba.com/game/uta-vs-sac-0022500098
22500099,https://www.nba.com/game/phx-vs-lac-0022500099
22500092,https://www.nba.com/game/mil-vs-tor-0022500092
22500100,https://www.nba.com/game/chi-vs-orl-0022500100
22500101,https://www.nba.com/game/okc-vs-atl-0022500101
22500102,https://www.nba.com/game/cha-vs-phi-0022500102
22500103,https://www.nba.com/game/ind-vs-mem-0022500103
22500104,https://www.nba.com/game/phx-vs-den-0022500104
22500112,https://www.nba.com/game/por-vs-lac-0022500112
22500113,https://www.nba.com/game/lal-vs-sac-0022500113
22500105,https://www.nba.com/game/bkn-vs-sas-0022500105
22500106,https://www.nba.com/game/bos-vs-det-0022500106
22500107,https://www.nba.com/game/mil-vs-cle-0022500107
22500108,https://www.nba.com/game/nyk-vs-mia-0022500108
22500109,https://www.nba.com/game/cha-vs-was-0022500109
22500110,https://www.nba.com/game/ind-vs-min-0022500110
22500111,https://www.nba.com/game/tor-vs-dal-0022500111
22500115,https://www.nba.com/game/atl-vs-chi-0022500115
22500116,https://www.nba.com/game/bkn-vs-hou-0022500116
22500117,https://www.nba.com/game/bos-vs-nop-0022500117
22500118,https://www.nba.com/game/tor-vs-sas-0022500118
22500119,https://www.nba.com/game/okc-vs-dal-0022500119
22500120,https://www.nba.com/game/phx-vs-uta-0022500120
22500008,https://www.nba.com/game/den-vs-min-0022500008
22500121,https://www.nba.com/game/mem-vs-gsw-0022500121
22500122,https://www.nba.com/game/por-vs-lal-0022500122
22500007,https://www.nba.com/game/cle-vs-det-0022500007
22500114,https://www.nba.com/game/orl-vs-phi-0022500114
22500125,https://www.nba.com/game/nyk-vs-mil-0022500125
22500126,https://www.nba.com/game/sac-vs-okc-0022500126
22500127,https://www.nba.com/game/lac-vs-gsw-0022500127
22500123,https://www.nba.com/game/phi-vs-was-0022500123
22500124,https://www.nba.com/game/cha-vs-mia-0022500124
22500132,https://www.nba.com/game/sac-vs-chi-0022500132
22500133,https://www.nba.com/game/ind-vs-dal-0022500133
22500134,https://www.nba.com/game/nop-vs-den-0022500134
22500135,https://www.nba.com/game/por-vs-uta-0022500135
22500136,https://www.nba.com/game/lal-vs-min-0022500136
22500137,https://www.nba.com/game/mem-vs-phx-0022500137
22500131,https://www.nba.com/game/hou-vs-tor-0022500131
22500128,https://www.nba.com/game/cle-vs-bos-0022500128
22500129,https://www.nba.com/game/orl-vs-det-0022500129
22500130,https://www.nba.com/game/atl-vs-bkn-0022500130
22500139,https://www.nba.com/game/gsw-vs-mil-0022500139
22500140,https://www.nba.com/game/was-vs-okc-0022500140
22500141,https://www.nba.com/game/mia-vs-sas-0022500141
22500138,https://www.nba.com/game/orl-vs-cha-0022500138
22500023,https://www.nba.com/game/nyk-vs-chi-0022500023
22500024,https://www.nba.com/game/lal-vs-mem-0022500024
22500025,https://www.nba.com/game/uta-vs-phx-0022500025
22500026,https://www.nba.com/game/den-vs-por-0022500026
22500027,https://www.nba.com/game/nop-vs-lac-0022500027
22500020,https://www.nba.com/game/atl-vs-ind-0022500020
22500021,https://www.nba.com/game/bos-vs-phi-0022500021
22500022,https://www.nba.com/game/tor-vs-cle-0022500022
22500146,https://www.nba.com/game/hou-vs-bos-0022500146
22500147,https://www.nba.com/game/dal-vs-det-0022500147
22500142,https://www.nba.com/game/sac-vs-mil-0022500142
22500143,https://www.nba.com/game/min-vs-cha-0022500143
22500144,https://www.nba.com/game/gsw-vs-ind-0022500144
22500145,https://www.nba.com/game/orl-vs-was-0022500145
22500153,https://www.nba.com/game/chi-vs-nyk-0022500153
22500154,https://www.nba.com/game/sas-vs-phx-0022500154
22500155,https://www.nba.com/game/mia-vs-lal-0022500155
22500148,https://www.nba.com/game/nop-vs-okc-0022500148
22500149,https://www.nba.com/game/phi-vs-bkn-0022500149
22500150,https://www.nba.com/game/uta-vs-cha-0022500150
22500151,https://www.nba.com/game/atl-vs-cle-0022500151
22500152,https://www.nba.com/game/mem-vs-tor-0022500152
22500156,https://www.nba.com/game/min-vs-bkn-0022500156
22500157,https://www.nba.com/game/mil-vs-ind-0022500157
22500158,https://www.nba.com/game/uta-vs-bos-0022500158
22500159,https://www.nba.com/game/was-vs-nyk-0022500159
22500160,https://www.nba.com/game/dal-vs-hou-0022500160
22500161,https://www.nba.com/game/det-vs-mem-0022500161
22500162,https://www.nba.com/game/sac-vs-den-0022500162
22500163,https://www.nba.com/game/lal-vs-por-0022500163
22500164,https://www.nba.com/game/mia-vs-lac-0022500164
22500165,https://www.nba.com/game/mil-vs-tor-0022500165
22500166,https://www.nba.com/game/orl-vs-atl-0022500166
22500167,https://www.nba.com/game/phi-vs-chi-0022500167
22500168,https://www.nba.com/game/cha-vs-nop-0022500168
22500169,https://www.nba.com/game/phx-vs-gsw-0022500169
22500170,https://www.nba.com/game/okc-vs-lac-0022500170
22500171,https://www.nba.com/game/phi-vs-cle-0022500171
22500172,https://www.nba.com/game/uta-vs-det-0022500172
22500173,https://www.nba.com/game/bkn-vs-ind-0022500173
22500174,https://www.nba.com/game/was-vs-bos-0022500174
22500175,https://www.nba.com/game/min-vs-nyk-0022500175
22500176,https://www.nba.com/game/hou-vs-mem-0022500176
22500177,https://www.nba.com/game/nop-vs-dal-0022500177
22500178,https://www.nba.com/game/mia-vs-den-0022500178
22500179,https://www.nba.com/game/sas-vs-lal-0022500179
22500180,https://www.nba.com/game/okc-vs-por-0022500180
22500181,https://www.nba.com/game/gsw-vs-sac-0022500181
22500182,https://www.nba.com/game/lac-vs-phx-0022500182
22500028,https://www.nba.com/game/bos-vs-orl-0022500028
22500029,https://www.nba.com/game/cle-vs-was-0022500029
22500030,https://www.nba.com/game/tor-vs-atl-0022500030
22500031,https://www.nba.com/game/det-vs-bkn-0022500031
22500032,https://www.nba.com/game/hou-vs-sas-0022500032
22500033,https://www.nba.com/game/cha-vs-mia-0022500033
22500034,https://www.nba.com/game/dal-vs-mem-0022500034
22500035,https://www.nba.com/game/chi-vs-mil-0022500035
22500036,https://www.nba.com/game/uta-vs-min-0022500036
22500037,https://www.nba.com/game/gsw-vs-den-0022500037
22500038,https://www.nba.com/game/okc-vs-sac-0022500038
22500183,https://www.nba.com/game/dal-vs-was-0022500183
22500184,https://www.nba.com/game/tor-vs-phi-0022500184
22500185,https://www.nba.com/game/lal-vs-atl-0022500185
22500186,https://www.nba.com/game/chi-vs-cle-0022500186
22500187,https://www.nba.com/game/por-vs-mia-0022500187
22500188,https://www.nba.com/game/nop-vs-sas-0022500188
22500189,https://www.nba.com/game/ind-vs-den-0022500189
22500190,https://www.nba.com/game/phx-vs-lac-0022500190
22500195,https://www.nba.com/game/det-vs-phi-0022500195
22500196,https://www.nba.com/game/ind-vs-gsw-0022500196
22500197,https://www.nba.com/game/min-vs-sac-0022500197
22500191,https://www.nba.com/game/hou-vs-mil-0022500191
22500192,https://www.nba.com/game/bkn-vs-nyk-0022500192
22500193,https://www.nba.com/game/bos-vs-orl-0022500193
22500194,https://www.nba.com/game/okc-vs-mem-0022500194
22500198,https://www.nba.com/game/lal-vs-cha-0022500198
22500199,https://www.nba.com/game/was-vs-det-0022500199
22500200,https://www.nba.com/game/por-vs-orl-0022500200
22500201,https://www.nba.com/game/cle-vs-mia-0022500201
22500202,https://www.nba.com/game/sas-vs-chi-0022500202
22500203,https://www.nba.com/game/mil-vs-dal-0022500203
22500204,https://www.nba.com/game/nop-vs-phx-0022500204
22500205,https://www.nba.com/game/min-vs-uta-0022500205
22500206,https://www.nba.com/game/atl-vs-lac-0022500206
22500207,https://www.nba.com/game/tor-vs-bkn-0022500207
22500208,https://www.nba.com/game/mem-vs-nyk-0022500208
22500209,https://www.nba.com/game/bos-vs-phi-0022500209
22500210,https://www.nba.com/game/gsw-vs-okc-0022500210
22500211,https://www.nba.com/game/ind-vs-uta-0022500211
22500212,https://www.nba.com/game/den-vs-sac-0022500212
22500213,https://www.nba.com/game/mil-vs-cha-0022500213
22500214,https://www.nba.com/game/chi-vs-det-0022500214
22500215,https://www.nba.com/game/orl-vs-nyk-0022500215
22500216,https://www.nba.com/game/mem-vs-bos-0022500216
22500217,https://www.nba.com/game/cle-vs-mia-0022500217
22500218,https://www.nba.com/game/was-vs-hou-0022500218
22500219,https://www.nba.com/game/por-vs-nop-0022500219
22500220,https://www.nba.com/game/gsw-vs-sas-0022500220
22500221,https://www.nba.com/game/phx-vs-dal-0022500221
22500222,https://www.nba.com/game/lal-vs-okc-0022500222
22500223,https://www.nba.com/game/atl-vs-sac-0022500223
22500224,https://www.nba.com/game/den-vs-lac-0022500224
22500225,https://www.nba.com/game/tor-vs-cle-0022500225
22500226,https://www.nba.com/game/ind-vs-phx-0022500226
22500227,https://www.nba.com/game/atl-vs-uta-0022500227
22500039,https://www.nba.com/game/mia-vs-nyk-0022500039
22500040,https://www.nba.com/game/bkn-vs-orl-0022500040
22500041,https://www.nba.com/game/phi-vs-det-0022500041
22500042,https://www.nba.com/game/por-vs-hou-0022500042
22500043,https://www.nba.com/game/cha-vs-mil-0022500043
22500044,https://www.nba.com/game/sac-vs-min-0022500044
22500045,https://www.nba.com/game/lal-vs-nop-0022500045
22500046,https://www.nba.com/game/lac-vs-dal-0022500046
22500047,https://www.nba.com/game/gsw-vs-sas-0022500047
22500229,https://www.nba.com/game/okc-vs-cha-0022500229
22500230,https://www.nba.com/game/tor-vs-ind-0022500230
22500231,https://www.nba.com/game/lal-vs-mil-0022500231
22500232,https://www.nba.com/game/den-vs-min-0022500232
22500228,https://www.nba.com/game/mem-vs-cle-0022500228
22500236,https://www.nba.com/game/orl-vs-hou-0022500236
22500237,https://www.nba.com/game/gsw-vs-nop-0022500237
22500238,https://www.nba.com/game/por-vs-dal-0022500238
22500239,https://www.nba.com/game/atl-vs-phx-0022500239
22500240,https://www.nba.com/game/chi-vs-uta-0022500240
22500233,https://www.nba.com/game/lac-vs-bos-0022500233
22500234,https://www.nba.com/game/sac-vs-sas-0022500234
22500235,https://www.nba.com/game/bkn-vs-was-0022500235
22500241,https://www.nba.com/game/mil-vs-cle-0022500241
22500242,https://www.nba.com/game/ind-vs-det-0022500242
22500243,https://www.nba.com/game/lac-vs-phi-0022500243
22500244,https://www.nba.com/game/nyk-vs-mia-0022500244
22500245,https://www.nba.com/game/cha-vs-tor-0022500245
22500246,https://www.nba.com/game/dal-vs-min-0022500246
22500247,https://www.nba.com/game/okc-vs-nop-0022500247
22500248,https://www.nba.com/game/chi-vs-den-0022500248
22500249,https://www.nba.com/game/gsw-vs-orl-0022500249
22500250,https://www.nba.com/game/bos-vs-bkn-0022500250
22500251,https://www.nba.com/game/det-vs-atl-0022500251
22500252,https://www.nba.com/game/mem-vs-sas-0022500252
22500253,https://www.nba.com/game/uta-vs-lal-0022500253
22500254,https://www.nba.com/game/phx-vs-por-0022500254
22500255,https://www.nba.com/game/hou-vs-cle-0022500255
22500256,https://www.nba.com/game/cha-vs-ind-0022500256
22500258,https://www.nba.com/game/tor-vs-phi-0022500258
22500257,https://www.nba.com/game/gsw-vs-mia-0022500257
22500259,https://www.nba.com/game/was-vs-min-0022500259
22500260,https://www.nba.com/game/den-vs-nop-0022500260
22500261,https://www.nba.com/game/sac-vs-okc-0022500261
22500262,https://www.nba.com/game/nyk-vs-dal-0022500262
22500263,https://www.nba.com/game/chi-vs-por-0022500263
22500264,https://www.nba.com/game/lac-vs-orl-0022500264
22500265,https://www.nba.com/game/sac-vs-mem-0022500265
22500266,https://www.nba.com/game/phi-vs-mil-0022500266
22500267,https://www.nba.com/game/atl-vs-sas-0022500267
22500048,https://www.nba.com/game/ind-vs-cle-0022500048
22500049,https://www.nba.com/game/bkn-vs-bos-0022500049
22500050,https://www.nba.com/game/was-vs-tor-0022500050
22500051,https://www.nba.com/game/mia-vs-chi-0022500051
22500052,https://www.nba.com/game/nop-vs-dal-0022500052
22500053,https://www.nba.com/game/min-vs-phx-0022500053
22500054,https://www.nba.com/game/den-vs-hou-0022500054
22500055,https://www.nba.com/game/okc-vs-uta-0022500055
22500056,https://www.nba.com/game/por-vs-gsw-0022500056
22500270,https://www.nba.com/game/atl-vs-nop-0022500270
22500271,https://www.nba.com/game/was-vs-chi-0022500271
22500272,https://www.nba.com/game/det-vs-mil-0022500272
22500273,https://www.nba.com/game/mem-vs-dal-0022500273
22500274,https://www.nba.com/game/sac-vs-den-0022500274
22500268,https://www.nba.com/game/lac-vs-cha-0022500268
22500269,https://www.nba.com/game/nyk-vs-orl-0022500269
22500280,https://www.nba.com/game/por-vs-okc-0022500280
22500281,https://www.nba.com/game/sas-vs-phx-0022500281
22500282,https://www.nba.com/game/lal-vs-uta-0022500282
22500275,https://www.nba.com/game/mia-vs-phi-0022500275
22500276,https://www.nba.com/game/cha-vs-atl-0022500276
22500277,https://www.nba.com/game/orl-vs-bos-0022500277
22500278,https://www.nba.com/game/lac-vs-cle-0022500278
22500279,https://www.nba.com/game/bkn-vs-tor-0022500279
22500283,https://www.nba.com/game/det-vs-ind-0022500283
22500284,https://www.nba.com/game/cle-vs-tor-0022500284
22500285,https://www.nba.com/game/nyk-vs-bkn-0022500285
22500286,https://www.nba.com/game/dal-vs-mia-0022500286
22500287,https://www.nba.com/game/den-vs-mem-0022500287
22500288,https://www.nba.com/game/por-vs-mil-0022500288
22500289,https://www.nba.com/game/chi-vs-nop-0022500289
22500290,https://www.nba.com/game/hou-vs-phx-0022500290
22500291,https://www.nba.com/game/uta-vs-gsw-0022500291
22500292,https://www.nba.com/game/min-vs-sac-0022500292
22500057,https://www.nba.com/game/atl-vs-was-0022500057
22500058,https://www.nba.com/game/orl-vs-phi-0022500058
22500059,https://www.nba.com/game/lac-vs-lal-0022500059
22500061,https://www.nba.com/game/nyk-vs-cha-0022500061
22500062,https://www.nba.com/game/mil-vs-mia-0022500062
22500063,https://www.nba.com/game/ind-vs-tor-0022500063
22500064,https://www.nba.com/game/min-vs-okc-0022500064
22500065,https://www.nba.com/game/mem-vs-nop-0022500065
22500066,https://www.nba.com/game/hou-vs-gsw-0022500066
22500067,https://www.nba.com/game/sas-vs-por-0022500067
22500068,https://www.nba.com/game/phx-vs-sac-0022500068
22500060,https://www.nba.com/game/det-vs-bos-0022500060
22500069,https://www.nba.com/game/cle-vs-atl-0022500069
22500070,https://www.nba.com/game/phi-vs-bkn-0022500070
22500071,https://www.nba.com/game/chi-vs-cha-0022500071
22500072,https://www.nba.com/game/orl-vs-det-0022500072
22500073,https://www.nba.com/game/was-vs-ind-0022500073
22500074,https://www.nba.com/game/mil-vs-nyk-0022500074
22500075,https://www.nba.com/game/phx-vs-okc-0022500075
22500076,https://www.nba.com/game/sas-vs-den-0022500076
22500077,https://www.nba.com/game/sac-vs-uta-0022500077
22500078,https://www.nba.com/game/dal-vs-lal-0022500078
22500079,https://www.nba.com/game/mem-vs-lac-0022500079
22500295,https://www.nba.com/game/chi-vs-ind-0022500295
22500296,https://www.nba.com/game/det-vs-mia-0022500296
22500297,https://www.nba.com/game/bkn-vs-mil-0022500297
22500298,https://www.nba.com/game/nop-vs-gsw-0022500298
22500299,https://www.nba.com/game/den-vs-phx-0022500299
22500300,https://www.nba.com/game/dal-vs-lac-0022500300
22500293,https://www.nba.com/game/bos-vs-min-0022500293
22500294,https://www.nba.com/game/tor-vs-cha-0022500294
22500306,https://www.nba.com/game/sas-vs-min-0022500306
22500307,https://www.nba.com/game/mem-vs-sac-0022500307
22500308,https://www.nba.com/game/nop-vs-lal-0022500308
22500301,https://www.nba.com/game/hou-vs-uta-0022500301
22500302,https://www.nba.com/game/bos-vs-cle-0022500302
22500303,https://www.nba.com/game/tor-vs-nyk-0022500303
22500304,https://www.nba.com/game/atl-vs-phi-0022500304
22500305,https://www.nba.com/game/okc-vs-por-0022500305
22500309,https://www.nba.com/game/atl-vs-det-0022500309
22500310,https://www.nba.com/game/cle-vs-ind-0022500310
22500311,https://www.nba.com/game/mil-vs-was-0022500311
22500312,https://www.nba.com/game/cha-vs-bkn-0022500312
22500313,https://www.nba.com/game/lac-vs-mia-0022500313
22500314,https://www.nba.com/game/chi-vs-orl-0022500314
22500315,https://www.nba.com/game/dal-vs-den-0022500315
22500316,https://www.nba.com/game/hou-vs-uta-0022500316
22500317,https://www.nba.com/game/phx-vs-lal-0022500317
22500318,https://www.nba.com/game/was-vs-phi-0022500318
22500319,https://www.nba.com/game/por-vs-tor-0022500319
22500320,https://www.nba.com/game/nyk-vs-bos-0022500320
22500321,https://www.nba.com/game/min-vs-nop-0022500321
22500322,https://www.nba.com/game/mem-vs-sas-0022500322
22500323,https://www.nba.com/game/okc-vs-gsw-0022500323
22500324,https://www.nba.com/game/por-vs-cle-0022500324
22500325,https://www.nba.com/game/den-vs-ind-0022500325
22500326,https://www.nba.com/game/sas-vs-orl-0022500326
22500327,https://www.nba.com/game/lac-vs-atl-0022500327
22500328,https://www.nba.com/game/cha-vs-nyk-0022500328
22500329,https://www.nba.com/game/bkn-vs-chi-0022500329
22500330,https://www.nba.com/game/sac-vs-hou-0022500330
22500331,https://www.nba.com/game/det-vs-mil-0022500331
22500332,https://www.nba.com/game/mia-vs-dal-0022500332
22500333,https://www.nba.com/game/gsw-vs-phi-0022500333
22500334,https://www.nba.com/game/bos-vs-was-0022500334
22500335,https://www.nba.com/game/uta-vs-bkn-0022500335
22500336,https://www.nba.com/game/lal-vs-tor-0022500336
22500337,https://www.nba.com/game/min-vs-nop-0022500337
22500338,https://www.nba.com/game/lal-vs-bos-0022500338
22500339,https://www.nba.com/game/mia-vs-orl-0022500339
22500340,https://www.nba.com/game/den-vs-atl-0022500340
22500341,https://www.nba.com/game/sas-vs-cle-0022500341
22500342,https://www.nba.com/game/por-vs-det-0022500342
22500343,https://www.nba.com/game/uta-vs-nyk-0022500343
22500344,https://www.nba.com/game/cha-vs-tor-0022500344
22500345,https://www.nba.com/game/ind-vs-chi-0022500345
22500346,https://www.nba.com/game/phx-vs-hou-0022500346
22500347,https://www.nba.com/game/lac-vs-mem-0022500347
22500348,https://www.nba.com/game/phi-vs-mil-0022500348
22500349,https://www.nba.com/game/dal-vs-okc-0022500349
22500351,https://www.nba.com/game/atl-vs-was-0022500351
22500352,https://www.nba.com/game/gsw-vs-cle-0022500352
22500353,https://www.nba.com/game/mil-vs-det-0022500353
22500354,https://www.nba.com/game/sac-vs-mia-0022500354
22500355,https://www.nba.com/game/lac-vs-min-0022500355
22500356,https://www.nba.com/game/hou-vs-dal-0022500356
22500350,https://www.nba.com/game/nop-vs-bkn-0022500350
22500361,https://www.nba.com/game/gsw-vs-chi-0022500361
22500362,https://www.nba.com/game/lal-vs-phi-0022500362
22500363,https://www.nba.com/game/okc-vs-uta-0022500363
22500357,https://www.nba.com/game/orl-vs-nyk-0022500357
22500358,https://www.nba.com/game/bos-vs-tor-0022500358
22500359,https://www.nba.com/game/den-vs-cha-0022500359
22500360,https://www.nba.com/game/por-vs-mem-0022500360
22500364,https://www.nba.com/game/sac-vs-ind-0022500364
22500365,https://www.nba.com/game/phx-vs-min-0022500365
22500366,https://www.nba.com/game/sas-vs-nop-0022500366
22501202,https://www.nba.com/game/nyk-vs-tor-0022501202
22501201,https://www.nba.com/game/mia-vs-orl-0022501201
22501203,https://www.nba.com/game/phx-vs-okc-0022501203
22501204,https://www.nba.com/game/sas-vs-lal-0022501204
22501205,https://www.nba.com/game/lac-vs-hou-0022501205
22501206,https://www.nba.com/game/bos-vs-mil-0022501206
22501207,https://www.nba.com/game/por-vs-nop-0022501207
22501208,https://www.nba.com/game/den-vs-sac-0022501208
22501209,https://www.nba.com/game/chi-vs-cha-0022501209
22501210,https://www.nba.com/game/atl-vs-det-0022501210
22501211,https://www.nba.com/game/ind-vs-phi-0022501211
22501212,https://www.nba.com/game/cle-vs-was-0022501212
22501213,https://www.nba.com/game/uta-vs-mem-0022501213
22501214,https://www.nba.com/game/bkn-vs-dal-0022501214
22501215,https://www.nba.com/game/min-vs-gsw-0022501215
22501230,https://www.nba.com/game/sas-vs-okc-0022501230
22501229,https://www.nba.com/game/nyk-vs-orl-0022501229
22501220,https://www.nba.com/game/sac-vs-min-0022501220
22501223,https://www.nba.com/game/nop-vs-chi-0022501223
22501228,https://www.nba.com/game/lal-vs-phx-0022501228
22501221,https://www.nba.com/game/gsw-vs-por-0022501221
22501216,https://www.nba.com/game/was-vs-ind-0022501216
22501218,https://www.nba.com/game/cha-vs-cle-0022501218
22501217,https://www.nba.com/game/phi-vs-atl-0022501217
22501219,https://www.nba.com/game/mil-vs-bkn-0022501219
22501222,https://www.nba.com/game/det-vs-bos-0022501222
22501227,https://www.nba.com/game/tor-vs-mia-0022501227
22501224,https://www.nba.com/game/dal-vs-uta-0022501224
22501225,https://www.nba.com/game/hou-vs-den-0022501225
22501226,https://www.nba.com/game/mem-vs-lac-0022501226
22500367,https://www.nba.com/game/cle-vs-chi-0022500367
22500368,https://www.nba.com/game/mem-vs-min-0022500368
22500371,https://www.nba.com/game/atl-vs-cha-0022500371
22500372,https://www.nba.com/game/nyk-vs-ind-0022500372
22500373,https://www.nba.com/game/mia-vs-bkn-0022500373
22500369,https://www.nba.com/game/lac-vs-okc-0022500369
22500370,https://www.nba.com/game/was-vs-sas-0022500370
22500374,https://www.nba.com/game/tor-vs-mil-0022500374
22500375,https://www.nba.com/game/hou-vs-nop-0022500375
22500376,https://www.nba.com/game/det-vs-dal-0022500376
22500377,https://www.nba.com/game/orl-vs-den-0022500377
22500378,https://www.nba.com/game/gsw-vs-phx-0022500378
22500379,https://www.nba.com/game/lal-vs-uta-0022500379
22500380,https://www.nba.com/game/sac-vs-por-0022500380
22500381,https://www.nba.com/game/mia-vs-bos-0022500381
22500382,https://www.nba.com/game/phi-vs-nyk-0022500382
22500383,https://www.nba.com/game/sas-vs-atl-0022500383
22500384,https://www.nba.com/game/chi-vs-cle-0022500384
22500385,https://www.nba.com/game/okc-vs-min-0022500385
22500387,https://www.nba.com/game/dal-vs-phi-0022500387
22500388,https://www.nba.com/game/bos-vs-tor-0022500388
22500389,https://www.nba.com/game/ind-vs-nop-0022500389
22500390,https://www.nba.com/game/cha-vs-det-0022500390
22500391,https://www.nba.com/game/was-vs-mem-0022500391
22500392,https://www.nba.com/game/phx-vs-gsw-0022500392
22500393,https://www.nba.com/game/orl-vs-uta-0022500393
22500394,https://www.nba.com/game/por-vs-sac-0022500394
22500395,https://www.nba.com/game/lal-vs-lac-0022500395
22500386,https://www.nba.com/game/hou-vs-den-0022500386
22500399,https://www.nba.com/game/sas-vs-was-0022500399
22500400,https://www.nba.com/game/mil-vs-min-0022500400
22500401,https://www.nba.com/game/hou-vs-sac-0022500401
22500396,https://www.nba.com/game/chi-vs-atl-0022500396
22500397,https://www.nba.com/game/tor-vs-bkn-0022500397
22500398,https://www.nba.com/game/mia-vs-nyk-0022500398
22500402,https://www.nba.com/game/cha-vs-cle-0022500402
22500403,https://www.nba.com/game/ind-vs-bos-0022500403
22500404,https://www.nba.com/game/dal-vs-nop-0022500404
22500405,https://www.nba.com/game/uta-vs-den-0022500405
22500406,https://www.nba.com/game/mem-vs-okc-0022500406
22500407,https://www.nba.com/game/orl-vs-gsw-0022500407
22500408,https://www.nba.com/game/det-vs-por-0022500408
22500409,https://www.nba.com/game/was-vs-cha-0022500409
22500410,https://www.nba.com/game/bkn-vs-phi-0022500410
22500411,https://www.nba.com/game/chi-vs-atl-0022500411
22500412,https://www.nba.com/game/nop-vs-cle-0022500412
22500413,https://www.nba.com/game/mil-vs-ind-0022500413
22500414,https://www.nba.com/game/tor-vs-mia-0022500414
22500415,https://www.nba.com/game/den-vs-dal-0022500415
22500416,https://www.nba.com/game/nyk-vs-min-0022500416
22500417,https://www.nba.com/game/okc-vs-sas-0022500417
22500418,https://www.nba.com/game/lal-vs-phx-0022500418
22500419,https://www.nba.com/game/mem-vs-uta-0022500419
22500420,https://www.nba.com/game/orl-vs-por-0022500420
22500421,https://www.nba.com/game/det-vs-sac-0022500421
22500422,https://www.nba.com/game/hou-vs-lac-0022500422
22500012,https://www.nba.com/game/hou-vs-lal-0022500012
22500013,https://www.nba.com/game/min-vs-den-0022500013
22500009,https://www.nba.com/game/cle-vs-nyk-0022500009
22500010,https://www.nba.com/game/sas-vs-okc-0022500010
22500011,https://www.nba.com/game/dal-vs-gsw-0022500011
22500423,https://www.nba.com/game/mia-vs-atl-0022500423
22500424,https://www.nba.com/game/cha-vs-orl-0022500424
22500425,https://www.nba.com/game/tor-vs-was-0022500425
22500426,https://www.nba.com/game/bos-vs-ind-0022500426
22500427,https://www.nba.com/game/phi-vs-chi-0022500427
22500428,https://www.nba.com/game/mil-vs-mem-0022500428
22500429,https://www.nba.com/game/phx-vs-nop-0022500429
22500430,https://www.nba.com/game/det-vs-uta-0022500430
22500431,https://www.nba.com/game/lac-vs-por-0022500431
22500433,https://www.nba.com/game/den-vs-orl-0022500433
22500434,https://www.nba.com/game/phx-vs-nop-0022500434
22500435,https://www.nba.com/game/nyk-vs-atl-0022500435
22500436,https://www.nba.com/game/ind-vs-mia-0022500436
22500437,https://www.nba.com/game/mil-vs-chi-0022500437
22500438,https://www.nba.com/game/cle-vs-hou-0022500438
22500439,https://www.nba.com/game/bkn-vs-min-0022500439
22500440,https://www.nba.com/game/uta-vs-sas-0022500440
22500432,https://www.nba.com/game/dal-vs-sac-0022500432
22500445,https://www.nba.com/game/det-vs-lac-0022500445
22500446,https://www.nba.com/game/sac-vs-lal-0022500446
22500441,https://www.nba.com/game/gsw-vs-tor-0022500441
22500442,https://www.nba.com/game/phi-vs-okc-0022500442
22500443,https://www.nba.com/game/mem-vs-was-0022500443
22500444,https://www.nba.com/game/bos-vs-por-0022500444
22500447,https://www.nba.com/game/mil-vs-cha-0022500447
22500448,https://www.nba.com/game/phx-vs-was-0022500448
22500449,https://www.nba.com/game/gsw-vs-bkn-0022500449
22500450,https://www.nba.com/game/den-vs-mia-0022500450
22500451,https://www.nba.com/game/orl-vs-tor-0022500451
22500452,https://www.nba.com/game/min-vs-chi-0022500452
22500453,https://www.nba.com/game/ind-vs-hou-0022500453
22500454,https://www.nba.com/game/nyk-vs-nop-0022500454
22500455,https://www.nba.com/game/atl-vs-okc-0022500455
22500456,https://www.nba.com/game/cle-vs-sas-0022500456
22500457,https://www.nba.com/game/dal-vs-por-0022500457
22500458,https://www.nba.com/game/phi-vs-mem-0022500458
22500459,https://www.nba.com/game/bos-vs-uta-0022500459
22500460,https://www.nba.com/game/det-vs-lal-0022500460
22500461,https://www.nba.com/game/sac-vs-lac-0022500461
22500466,https://www.nba.com/game/nop-vs-chi-0022500466
22500467,https://www.nba.com/game/nyk-vs-sas-0022500467
22500468,https://www.nba.com/game/den-vs-tor-0022500468
22500469,https://www.nba.com/game/was-vs-mil-0022500469
22500470,https://www.nba.com/game/por-vs-okc-0022500470
22500462,https://www.nba.com/game/gsw-vs-cha-0022500462
22500463,https://www.nba.com/game/min-vs-atl-0022500463
22500464,https://www.nba.com/game/orl-vs-ind-0022500464
22500465,https://www.nba.com/game/phx-vs-cle-0022500465
22500472,https://www.nba.com/game/mia-vs-det-0022500472
22500473,https://www.nba.com/game/phi-vs-dal-0022500473
22500474,https://www.nba.com/game/bos-vs-sac-0022500474
22500475,https://www.nba.com/game/uta-vs-lac-0022500475
22500471,https://www.nba.com/game/hou-vs-bkn-0022500471
22500476,https://www.nba.com/game/sas-vs-ind-0022500476
22500477,https://www.nba.com/game/bkn-vs-was-0022500477
22500478,https://www.nba.com/game/den-vs-cle-0022500478
22500479,https://www.nba.com/game/atl-vs-nyk-0022500479
22500480,https://www.nba.com/game/orl-vs-chi-0022500480
22500481,https://www.nba.com/game/cha-vs-mil-0022500481
22500482,https://www.nba.com/game/por-vs-nop-0022500482
22500483,https://www.nba.com/game/sac-vs-phx-0022500483
22500484,https://www.nba.com/game/okc-vs-gsw-0022500484
22500485,https://www.nba.com/game/mem-vs-lal-0022500485
22500487,https://www.nba.com/game/phi-vs-nyk-0022500487
22500488,https://www.nba.com/game/atl-vs-tor-0022500488
22500489,https://www.nba.com/game/cha-vs-chi-0022500489
22500490,https://www.nba.com/game/por-vs-sas-0022500490
22500491,https://www.nba.com/game/hou-vs-dal-0022500491
22500492,https://www.nba.com/game/uta-vs-gsw-0022500492
22500493,https://www.nba.com/game/bos-vs-lac-0022500493
22500486,https://www.nba.com/game/min-vs-mia-0022500486
22500499,https://www.nba.com/game/okc-vs-phx-0022500499
22500500,https://www.nba.com/game/mil-vs-sac-0022500500
22500501,https://www.nba.com/game/mem-vs-lal-0022500501
22500494,https://www.nba.com/game/det-vs-cle-0022500494
22500495,https://www.nba.com/game/ind-vs-orl-0022500495
22500496,https://www.nba.com/game/den-vs-bkn-0022500496
22500497,https://www.nba.com/game/nop-vs-mia-0022500497
22500498,https://www.nba.com/game/min-vs-was-0022500498
22500502,https://www.nba.com/game/nyk-vs-det-0022500502
22500503,https://www.nba.com/game/chi-vs-bos-0022500503
22500504,https://www.nba.com/game/atl-vs-tor-0022500504
22500505,https://www.nba.com/game/phx-vs-hou-0022500505
22500506,https://www.nba.com/game/cha-vs-okc-0022500506
22500507,https://www.nba.com/game/den-vs-phi-0022500507
22500508,https://www.nba.com/game/gsw-vs-lac-0022500508
22500509,https://www.nba.com/game/uta-vs-por-0022500509
22500510,https://www.nba.com/game/cle-vs-ind-0022500510
22500511,https://www.nba.com/game/orl-vs-was-0022500511
22500512,https://www.nba.com/game/sas-vs-mem-0022500512
22500513,https://www.nba.com/game/mia-vs-min-0022500513
22500514,https://www.nba.com/game/lal-vs-nop-0022500514
22500515,https://www.nba.com/game/dal-vs-sac-0022500515
22500516,https://www.nba.com/game/tor-vs-cha-0022500516
22500517,https://www.nba.com/game/chi-vs-det-0022500517
22500518,https://www.nba.com/game/was-vs-phi-0022500518
22500520,https://www.nba.com/game/den-vs-bos-0022500520
22500519,https://www.nba.com/game/nop-vs-atl-0022500519
22500521,https://www.nba.com/game/orl-vs-bkn-0022500521
22500522,https://www.nba.com/game/lac-vs-nyk-0022500522
22500524,https://www.nba.com/game/phx-vs-mem-0022500524
22500525,https://www.nba.com/game/uta-vs-okc-0022500525
22500523,https://www.nba.com/game/lal-vs-sas-0022500523
22500526,https://www.nba.com/game/mil-vs-gsw-0022500526
22500527,https://www.nba.com/game/hou-vs-por-0022500527
22500528,https://www.nba.com/game/ind-vs-cha-0022500528
22500530,https://www.nba.com/game/cle-vs-min-0022500530
22500531,https://www.nba.com/game/dal-vs-uta-0022500531
22500532,https://www.nba.com/game/tor-vs-bos-0022500532
22500533,https://www.nba.com/game/phi-vs-orl-0022500533
22500534,https://www.nba.com/game/nop-vs-was-0022500534
22500535,https://www.nba.com/game/lac-vs-bkn-0022500535
22500536,https://www.nba.com/game/okc-vs-mem-0022500536
22500537,https://www.nba.com/game/atl-vs-den-0022500537
22500538,https://www.nba.com/game/nyk-vs-phx-0022500538
22500539,https://www.nba.com/game/sac-vs-gsw-0022500539
22500540,https://www.nba.com/game/hou-vs-por-0022500540
22500541,https://www.nba.com/game/mil-vs-lal-0022500541
22500543,https://www.nba.com/game/mia-vs-ind-0022500543
22500544,https://www.nba.com/game/lac-vs-det-0022500544
22500545,https://www.nba.com/game/sas-vs-bos-0022500545
22500546,https://www.nba.com/game/dal-vs-chi-0022500546
22500547,https://www.nba.com/game/cha-vs-uta-0022500547
22500542,https://www.nba.com/game/min-vs-cle-0022500542
22500552,https://www.nba.com/game/sas-vs-min-0022500552
22500553,https://www.nba.com/game/mia-vs-okc-0022500553
22500554,https://www.nba.com/game/mil-vs-den-0022500554
22500555,https://www.nba.com/game/was-vs-phx-0022500555
22500556,https://www.nba.com/game/atl-vs-gsw-0022500556
22500557,https://www.nba.com/game/hou-vs-sac-0022500557
22500548,https://www.nba.com/game/nop-vs-orl-0022500548
22500549,https://www.nba.com/game/bkn-vs-mem-0022500549
22500550,https://www.nba.com/game/phi-vs-tor-0022500550
22500551,https://www.nba.com/game/nyk-vs-por-0022500551
22500558,https://www.nba.com/game/uta-vs-cle-0022500558
22500559,https://www.nba.com/game/bos-vs-ind-0022500559
22500560,https://www.nba.com/game/phi-vs-tor-0022500560
22500561,https://www.nba.com/game/bkn-vs-dal-0022500561
22500562,https://www.nba.com/game/lal-vs-sac-0022500562
22500563,https://www.nba.com/game/cha-vs-lac-0022500563
22500564,https://www.nba.com/game/phx-vs-mia-0022500564
22500565,https://www.nba.com/game/chi-vs-hou-0022500565
22500566,https://www.nba.com/game/min-vs-mil-0022500566
22500567,https://www.nba.com/game/den-vs-nop-0022500567
22500568,https://www.nba.com/game/sas-vs-okc-0022500568
22500569,https://www.nba.com/game/atl-vs-lal-0022500569
22500570,https://www.nba.com/game/por-vs-gsw-0022500570
22500571,https://www.nba.com/game/tor-vs-ind-0022500571
22500572,https://www.nba.com/game/cle-vs-phi-0022500572
22500573,https://www.nba.com/game/uta-vs-chi-0022500573
22500574,https://www.nba.com/game/bkn-vs-nop-0022500574
22500575,https://www.nba.com/game/den-vs-dal-0022500575
22500576,https://www.nba.com/game/nyk-vs-sac-0022500576
22500577,https://www.nba.com/game/was-vs-lac-0022500577
22500579,https://www.nba.com/game/phx-vs-det-0022500579
22500580,https://www.nba.com/game/bos-vs-mia-0022500580
22500581,https://www.nba.com/game/okc-vs-hou-0022500581
22500582,https://www.nba.com/game/mil-vs-sas-0022500582
22500583,https://www.nba.com/game/uta-vs-dal-0022500583
22500584,https://www.nba.com/game/nyk-vs-gsw-0022500584
22500585,https://www.nba.com/game/atl-vs-por-0022500585
22500586,https://www.nba.com/game/cha-vs-lal-0022500586
22500578,https://www.nba.com/game/mem-vs-orl-0022500578
22500588,https://www.nba.com/game/nop-vs-ind-0022500588
22500589,https://www.nba.com/game/cle-vs-phi-0022500589
22500587,https://www.nba.com/game/chi-vs-bkn-0022500587
22500590,https://www.nba.com/game/lac-vs-tor-0022500590
22500591,https://www.nba.com/game/min-vs-hou-0022500591
22500592,https://www.nba.com/game/was-vs-sac-0022500592
22500594,https://www.nba.com/game/bos-vs-atl-0022500594
22500595,https://www.nba.com/game/ind-vs-det-0022500595
22500596,https://www.nba.com/game/phx-vs-nyk-0022500596
22500597,https://www.nba.com/game/okc-vs-mia-0022500597
22500598,https://www.nba.com/game/min-vs-sas-0022500598
22500599,https://www.nba.com/game/cha-vs-gsw-0022500599
22500600,https://www.nba.com/game/was-vs-den-0022500600
22500601,https://www.nba.com/game/lal-vs-por-0022500601
22500593,https://www.nba.com/game/uta-vs-dal-0022500593
22500603,https://www.nba.com/game/bkn-vs-chi-0022500603
22500604,https://www.nba.com/game/nop-vs-hou-0022500604
22500605,https://www.nba.com/game/cha-vs-den-0022500605
22500606,https://www.nba.com/game/por-vs-sac-0022500606
22500607,https://www.nba.com/game/tor-vs-lal-0022500607
22500602,https://www.nba.com/game/orl-vs-mem-0022500602
22500609,https://www.nba.com/game/ind-vs-phi-0022500609
22500610,https://www.nba.com/game/phx-vs-bkn-0022500610
22500017,https://www.nba.com/game/bos-vs-det-0022500017
22500612,https://www.nba.com/game/mia-vs-gsw-0022500612
22500014,https://www.nba.com/game/mil-vs-atl-0022500014
22500015,https://www.nba.com/game/okc-vs-cle-0022500015
22500608,https://www.nba.com/game/lac-vs-was-0022500608
22500016,https://www.nba.com/game/dal-vs-nyk-0022500016
22500611,https://www.nba.com/game/uta-vs-sas-0022500611
22500613,https://www.nba.com/game/phx-vs-phi-0022500613
22500614,https://www.nba.com/game/lac-vs-chi-0022500614
22500615,https://www.nba.com/game/sas-vs-hou-0022500615
22500616,https://www.nba.com/game/min-vs-uta-0022500616
22500617,https://www.nba.com/game/lal-vs-den-0022500617
22500618,https://www.nba.com/game/tor-vs-gsw-0022500618
22500619,https://www.nba.com/game/mia-vs-sac-0022500619
22500620,https://www.nba.com/game/cle-vs-cha-0022500620
22500621,https://www.nba.com/game/ind-vs-bos-0022500621
22500622,https://www.nba.com/game/bkn-vs-nyk-0022500622
22500623,https://www.nba.com/game/atl-vs-mem-0022500623
22500624,https://www.nba.com/game/det-vs-nop-0022500624
22500625,https://www.nba.com/game/okc-vs-mil-0022500625
22500626,https://www.nba.com/game/tor-vs-sac-0022500626
22500627,https://www.nba.com/game/cha-vs-orl-0022500627
22500628,https://www.nba.com/game/hou-vs-phi-0022500628
22500629,https://www.nba.com/game/den-vs-was-0022500629
22500630,https://www.nba.com/game/gsw-vs-dal-0022500630
22500631,https://www.nba.com/game/chi-vs-min-0022500631
22500632,https://www.nba.com/game/sas-vs-uta-0022500632
22500633,https://www.nba.com/game/lal-vs-lac-0022500633
22500634,https://www.nba.com/game/mia-vs-por-0022500634
22500635,https://www.nba.com/game/hou-vs-det-0022500635
22500636,https://www.nba.com/game/phx-vs-atl-0022500636
22500637,https://www.nba.com/game/bos-vs-bkn-0022500637
22500638,https://www.nba.com/game/sac-vs-cle-0022500638
22500639,https://www.nba.com/game/nop-vs-mem-0022500639
22500641,https://www.nba.com/game/ind-vs-okc-0022500641
22500640,https://www.nba.com/game/den-vs-mil-0022500640
22500642,https://www.nba.com/game/tor-vs-por-0022500642
22500646,https://www.nba.com/game/cle-vs-orl-0022500646
22500647,https://www.nba.com/game/bos-vs-chi-0022500647
22500648,https://www.nba.com/game/lal-vs-dal-0022500648
22500649,https://www.nba.com/game/mia-vs-uta-0022500649
22500645,https://www.nba.com/game/was-vs-cha-0022500645
22500643,https://www.nba.com/game/nyk-vs-phi-0022500643
22500653,https://www.nba.com/game/tor-vs-okc-0022500653
22500654,https://www.nba.com/game/nop-vs-sas-0022500654
22500655,https://www.nba.com/game/mia-vs-phx-0022500655
22500656,https://www.nba.com/game/bkn-vs-lac-0022500656
22500650,https://www.nba.com/game/sac-vs-det-0022500650
22500644,https://www.nba.com/game/gsw-vs-min-0022500644
22500658,https://www.nba.com/game/orl-vs-cle-0022500658
22500660,https://www.nba.com/game/por-vs-bos-0022500660
22500661,https://www.nba.com/game/lal-vs-chi-0022500661
22500662,https://www.nba.com/game/mem-vs-hou-0022500662
22500663,https://www.nba.com/game/gsw-vs-min-0022500663
22500659,https://www.nba.com/game/ind-vs-atl-0022500659
22500657,https://www.nba.com/game/phi-vs-cha-0022500657
22500664,https://www.nba.com/game/por-vs-was-0022500664
22500665,https://www.nba.com/game/sac-vs-nyk-0022500665
22500666,https://www.nba.com/game/mil-vs-phi-0022500666
22500667,https://www.nba.com/game/nop-vs-okc-0022500667
22500668,https://www.nba.com/game/det-vs-den-0022500668
22500669,https://www.nba.com/game/bkn-vs-phx-0022500669
22500670,https://www.nba.com/game/lac-vs-uta-0022500670
22500671,https://www.nba.com/game/lal-vs-cle-0022500671
22500672,https://www.nba.com/game/chi-vs-ind-0022500672
22500673,https://www.nba.com/game/atl-vs-bos-0022500673
22500674,https://www.nba.com/game/orl-vs-mia-0022500674
22500675,https://www.nba.com/game/nyk-vs-tor-0022500675
22500676,https://www.nba.com/game/cha-vs-mem-0022500676
22500677,https://www.nba.com/game/min-vs-dal-0022500677
22500678,https://www.nba.com/game/gsw-vs-uta-0022500678
22500679,https://www.nba.com/game/sas-vs-hou-0022500679
22500680,https://www.nba.com/game/sac-vs-phi-0022500680
22500681,https://www.nba.com/game/mil-vs-was-0022500681
22500529,https://www.nba.com/game/mia-vs-chi-0022500529
22500682,https://www.nba.com/game/hou-vs-atl-0022500682
22500683,https://www.nba.com/game/cha-vs-dal-0022500683
22500684,https://www.nba.com/game/bkn-vs-den-0022500684
22500685,https://www.nba.com/game/det-vs-phx-0022500685
22500686,https://www.nba.com/game/okc-vs-min-0022500686
22500688,https://www.nba.com/game/lal-vs-was-0022500688
22500687,https://www.nba.com/game/tor-vs-orl-0022500687
22500689,https://www.nba.com/game/sac-vs-bos-0022500689
22500690,https://www.nba.com/game/por-vs-nyk-0022500690
22500691,https://www.nba.com/game/mem-vs-nop-0022500691
22500693,https://www.nba.com/game/cle-vs-phx-0022500693
22500695,https://www.nba.com/game/lac-vs-den-0022500695
22500694,https://www.nba.com/game/bkn-vs-uta-0022500694
22500696,https://www.nba.com/game/det-vs-gsw-0022500696
22500698,https://www.nba.com/game/atl-vs-ind-0022500698
22500699,https://www.nba.com/game/nop-vs-phi-0022500699
22500692,https://www.nba.com/game/chi-vs-mia-0022500692
22500700,https://www.nba.com/game/min-vs-mem-0022500700
22500701,https://www.nba.com/game/dal-vs-hou-0022500701
22500697,https://www.nba.com/game/sas-vs-cha-0022500697
22500708,https://www.nba.com/game/lal-vs-nyk-0022500708
22500709,https://www.nba.com/game/lac-vs-phx-0022500709
22500703,https://www.nba.com/game/orl-vs-sas-0022500703
22500710,https://www.nba.com/game/cle-vs-por-0022500710
22500711,https://www.nba.com/game/okc-vs-den-0022500711
22500702,https://www.nba.com/game/mil-vs-bos-0022500702
22500704,https://www.nba.com/game/bkn-vs-det-0022500704
22500705,https://www.nba.com/game/chi-vs-mia-0022500705
22500706,https://www.nba.com/game/uta-vs-tor-0022500706
22500707,https://www.nba.com/game/sac-vs-was-0022500707
22500713,https://www.nba.com/game/hou-vs-ind-0022500713
22500714,https://www.nba.com/game/min-vs-mem-0022500714
22500715,https://www.nba.com/game/phi-vs-lac-0022500715
22500712,https://www.nba.com/game/nop-vs-cha-0022500712
22500716,https://www.nba.com/game/den-vs-det-0022500716
22500717,https://www.nba.com/game/uta-vs-ind-0022500717
22500718,https://www.nba.com/game/nyk-vs-was-0022500718
22500719,https://www.nba.com/game/lal-vs-bkn-0022500719
22500720,https://www.nba.com/game/atl-vs-mia-0022500720
22500721,https://www.nba.com/game/bos-vs-dal-0022500721
22500722,https://www.nba.com/game/chi-vs-mil-0022500722
22500723,https://www.nba.com/game/orl-vs-okc-0022500723
22500724,https://www.nba.com/game/phi-vs-gsw-0022500724
22500725,https://www.nba.com/game/phx-vs-por-0022500725
22500726,https://www.nba.com/game/den-vs-nyk-0022500726
22500727,https://www.nba.com/game/min-vs-tor-0022500727
22500728,https://www.nba.com/game/bos-vs-hou-0022500728
22500729,https://www.nba.com/game/nop-vs-mil-0022500729
22500730,https://www.nba.com/game/okc-vs-sas-0022500730
22500731,https://www.nba.com/game/mem-vs-sac-0022500731
22500732,https://www.nba.com/game/cle-vs-lac-0022500732
22500733,https://www.nba.com/game/was-vs-det-0022500733
22500734,https://www.nba.com/game/bkn-vs-orl-0022500734
22500735,https://www.nba.com/game/uta-vs-atl-0022500735
22500736,https://www.nba.com/game/chi-vs-tor-0022500736
22500737,https://www.nba.com/game/cha-vs-hou-0022500737
22500738,https://www.nba.com/game/sas-vs-dal-0022500738
22500739,https://www.nba.com/game/gsw-vs-phx-0022500739
22500740,https://www.nba.com/game/phi-vs-lal-0022500740
22500741,https://www.nba.com/game/mia-vs-bos-0022500741
22500742,https://www.nba.com/game/nyk-vs-det-0022500742
22500743,https://www.nba.com/game/ind-vs-mil-0022500743
22500744,https://www.nba.com/game/nop-vs-min-0022500744
22500745,https://www.nba.com/game/mem-vs-por-0022500745
22500746,https://www.nba.com/game/lac-vs-sac-0022500746
22500750,https://www.nba.com/game/uta-vs-orl-0022500750
22500751,https://www.nba.com/game/cha-vs-atl-0022500751
22500752,https://www.nba.com/game/den-vs-chi-0022500752
22500753,https://www.nba.com/game/gsw-vs-lal-0022500753
22500754,https://www.nba.com/game/phi-vs-phx-0022500754
22500755,https://www.nba.com/game/mem-vs-por-0022500755
22500756,https://www.nba.com/game/cle-vs-sac-0022500756
22500747,https://www.nba.com/game/was-vs-bkn-0022500747
22500748,https://www.nba.com/game/hou-vs-okc-0022500748
22500749,https://www.nba.com/game/dal-vs-sas-0022500749
22500757,https://www.nba.com/game/nyk-vs-bos-0022500757
22500758,https://www.nba.com/game/mia-vs-was-0022500758
22500759,https://www.nba.com/game/ind-vs-tor-0022500759
22500760,https://www.nba.com/game/lac-vs-min-0022500760
22500761,https://www.nba.com/game/det-vs-cha-0022500761
22500762,https://www.nba.com/game/chi-vs-bkn-0022500762
22500763,https://www.nba.com/game/uta-vs-mia-0022500763
22500764,https://www.nba.com/game/mil-vs-orl-0022500764
22500765,https://www.nba.com/game/atl-vs-min-0022500765
22500766,https://www.nba.com/game/sac-vs-nop-0022500766
22500767,https://www.nba.com/game/cle-vs-den-0022500767
22500768,https://www.nba.com/game/mem-vs-gsw-0022500768
22500769,https://www.nba.com/game/okc-vs-lal-0022500769
22500770,https://www.nba.com/game/phi-vs-por-0022500770
22500771,https://www.nba.com/game/ind-vs-nyk-0022500771
22500772,https://www.nba.com/game/lac-vs-hou-0022500772
22500773,https://www.nba.com/game/dal-vs-phx-0022500773
22500774,https://www.nba.com/game/sas-vs-lal-0022500774
22500775,https://www.nba.com/game/atl-vs-cha-0022500775
22500776,https://www.nba.com/game/was-vs-cle-0022500776
22500777,https://www.nba.com/game/mil-vs-orl-0022500777
22500778,https://www.nba.com/game/chi-vs-bos-0022500778
22500779,https://www.nba.com/game/ind-vs-bkn-0022500779
22500780,https://www.nba.com/game/nyk-vs-phi-0022500780
22500781,https://www.nba.com/game/det-vs-tor-0022500781
22500782,https://www.nba.com/game/lac-vs-hou-0022500782
22500783,https://www.nba.com/game/por-vs-min-0022500783
22500784,https://www.nba.com/game/mia-vs-nop-0022500784
22500785,https://www.nba.com/game/okc-vs-phx-0022500785
22500786,https://www.nba.com/game/sac-vs-uta-0022500786
22500787,https://www.nba.com/game/mem-vs-den-0022500787
22500788,https://www.nba.com/game/sas-vs-gsw-0022500788
22500789,https://www.nba.com/game/mil-vs-okc-0022500789
22500790,https://www.nba.com/game/por-vs-uta-0022500790
22500791,https://www.nba.com/game/dal-vs-lal-0022500791
22500792,https://www.nba.com/game/hou-vs-cha-0022500792
22500793,https://www.nba.com/game/bkn-vs-cle-0022500793
22500794,https://www.nba.com/game/atl-vs-phi-0022500794
22500795,https://www.nba.com/game/ind-vs-was-0022500795
22500796,https://www.nba.com/game/det-vs-nyk-0022500796
22500797,https://www.nba.com/game/tor-vs-chi-0022500797
22500798,https://www.nba.com/game/phx-vs-sas-0022500798
22500799,https://www.nba.com/game/bos-vs-gsw-0022500799
22500800,https://www.nba.com/game/orl-vs-sac-0022500800
22500801,https://www.nba.com/game/den-vs-lac-0022500801
22500802,https://www.nba.com/game/cle-vs-cha-0022500802
22500803,https://www.nba.com/game/ind-vs-was-0022500803
22500804,https://www.nba.com/game/uta-vs-mem-0022500804
22500805,https://www.nba.com/game/mia-vs-atl-0022500805
22500806,https://www.nba.com/game/dal-vs-min-0022500806
22500807,https://www.nba.com/game/mil-vs-nop-0022500807
22500808,https://www.nba.com/game/bkn-vs-okc-0022500808
22500809,https://www.nba.com/game/lac-vs-lal-0022500809
22500810,https://www.nba.com/game/den-vs-por-0022500810
22500812,https://www.nba.com/game/phi-vs-nop-0022500812
22500813,https://www.nba.com/game/mem-vs-mia-0022500813
22500814,https://www.nba.com/game/det-vs-chi-0022500814
22500815,https://www.nba.com/game/sac-vs-sas-0022500815
22500816,https://www.nba.com/game/hou-vs-nyk-0022500816
22500811,https://www.nba.com/game/orl-vs-phx-0022500811
22500824,https://www.nba.com/game/phi-vs-min-0022500824
22500825,https://www.nba.com/game/nyk-vs-chi-0022500825
22500826,https://www.nba.com/game/por-vs-phx-0022500826
22500827,https://www.nba.com/game/orl-vs-lac-0022500827
22500817,https://www.nba.com/game/cle-vs-okc-0022500817
22500818,https://www.nba.com/game/bkn-vs-atl-0022500818
22500819,https://www.nba.com/game/tor-vs-mil-0022500819
22500820,https://www.nba.com/game/den-vs-gsw-0022500820
22500821,https://www.nba.com/game/dal-vs-ind-0022500821
22500822,https://www.nba.com/game/cha-vs-was-0022500822
22500823,https://www.nba.com/game/bos-vs-lal-0022500823
22500828,https://www.nba.com/game/sas-vs-det-0022500828
22500829,https://www.nba.com/game/sac-vs-mem-0022500829
22500830,https://www.nba.com/game/uta-vs-hou-0022500830
22500831,https://www.nba.com/game/phi-vs-ind-0022500831
22500832,https://www.nba.com/game/was-vs-atl-0022500832
22500833,https://www.nba.com/game/dal-vs-bkn-0022500833
22500834,https://www.nba.com/game/okc-vs-tor-0022500834
22500835,https://www.nba.com/game/nyk-vs-cle-0022500835
22500836,https://www.nba.com/game/cha-vs-chi-0022500836
22500837,https://www.nba.com/game/mia-vs-mil-0022500837
22500838,https://www.nba.com/game/gsw-vs-nop-0022500838
22500839,https://www.nba.com/game/bos-vs-phx-0022500839
22500841,https://www.nba.com/game/min-vs-por-0022500841
22500840,https://www.nba.com/game/orl-vs-lal-0022500840
22500842,https://www.nba.com/game/okc-vs-det-0022500842
22500843,https://www.nba.com/game/sas-vs-tor-0022500843
22500844,https://www.nba.com/game/gsw-vs-mem-0022500844
22500845,https://www.nba.com/game/sac-vs-hou-0022500845
22500846,https://www.nba.com/game/cle-vs-mil-0022500846
22500847,https://www.nba.com/game/bos-vs-den-0022500847
22500848,https://www.nba.com/game/cha-vs-ind-0022500848
22500849,https://www.nba.com/game/mia-vs-phi-0022500849
22500850,https://www.nba.com/game/was-vs-atl-0022500850
22500851,https://www.nba.com/game/sas-vs-bkn-0022500851
22500852,https://www.nba.com/game/hou-vs-orl-0022500852
22500853,https://www.nba.com/game/por-vs-chi-0022500853
22500854,https://www.nba.com/game/sac-vs-dal-0022500854
22500855,https://www.nba.com/game/lal-vs-phx-0022500855
22500856,https://www.nba.com/game/nop-vs-uta-0022500856
22500857,https://www.nba.com/game/min-vs-lac-0022500857
22500858,https://www.nba.com/game/cle-vs-det-0022500858
22500859,https://www.nba.com/game/bkn-vs-bos-0022500859
22500860,https://www.nba.com/game/nyk-vs-mil-0022500860
22500861,https://www.nba.com/game/mem-vs-dal-0022500861
22500862,https://www.nba.com/game/den-vs-okc-0022500862
22500865,https://www.nba.com/game/tor-vs-was-0022500865
22500866,https://www.nba.com/game/lal-vs-gsw-0022500866
22500867,https://www.nba.com/game/nop-vs-uta-0022500867
22500863,https://www.nba.com/game/por-vs-cha-0022500863
22500864,https://www.nba.com/game/hou-vs-mia-0022500864
22500874,https://www.nba.com/game/phi-vs-bos-0022500874
22500876,https://www.nba.com/game/okc-vs-dal-0022500876
22500877,https://www.nba.com/game/nop-vs-lac-0022500877
22500878,https://www.nba.com/game/sac-vs-lal-0022500878
22500868,https://www.nba.com/game/sas-vs-nyk-0022500868
22500869,https://www.nba.com/game/cle-vs-bkn-0022500869
22500870,https://www.nba.com/game/mil-vs-chi-0022500870
22500871,https://www.nba.com/game/min-vs-den-0022500871
22500872,https://www.nba.com/game/mem-vs-ind-0022500872
22500873,https://www.nba.com/game/por-vs-atl-0022500873
22500875,https://www.nba.com/game/det-vs-orl-0022500875
22500879,https://www.nba.com/game/hou-vs-was-0022500879
22500880,https://www.nba.com/game/bos-vs-mil-0022500880
22500881,https://www.nba.com/game/den-vs-uta-0022500881
22500882,https://www.nba.com/game/lac-vs-gsw-0022500882
22500883,https://www.nba.com/game/dal-vs-cha-0022500883
22500884,https://www.nba.com/game/det-vs-cle-0022500884
22500885,https://www.nba.com/game/was-vs-orl-0022500885
22500886,https://www.nba.com/game/bkn-vs-mia-0022500886
22500887,https://www.nba.com/game/nyk-vs-tor-0022500887
22500888,https://www.nba.com/game/sas-vs-phi-0022500888
22500889,https://www.nba.com/game/okc-vs-chi-0022500889
22500890,https://www.nba.com/game/mem-vs-min-0022500890
22500891,https://www.nba.com/game/nop-vs-lal-0022500891
22500892,https://www.nba.com/game/phx-vs-sac-0022500892
22500893,https://www.nba.com/game/okc-vs-nyk-0022500893
22500894,https://www.nba.com/game/cha-vs-bos-0022500894
22500895,https://www.nba.com/game/uta-vs-phi-0022500895
22500896,https://www.nba.com/game/por-vs-mem-0022500896
22500897,https://www.nba.com/game/atl-vs-mil-0022500897
22500898,https://www.nba.com/game/ind-vs-lac-0022500898
22500899,https://www.nba.com/game/dal-vs-orl-0022500899
22500900,https://www.nba.com/game/uta-vs-was-0022500900
22500901,https://www.nba.com/game/bkn-vs-mia-0022500901
22500902,https://www.nba.com/game/gsw-vs-hou-0022500902
22500903,https://www.nba.com/game/tor-vs-min-0022500903
22500904,https://www.nba.com/game/det-vs-sas-0022500904
22500905,https://www.nba.com/game/chi-vs-phx-0022500905
22500906,https://www.nba.com/game/lal-vs-den-0022500906
22500907,https://www.nba.com/game/nop-vs-sac-0022500907
22500908,https://www.nba.com/game/dal-vs-bos-0022500908
22500909,https://www.nba.com/game/mia-vs-cha-0022500909
22500910,https://www.nba.com/game/por-vs-hou-0022500910
22500911,https://www.nba.com/game/nyk-vs-den-0022500911
22500912,https://www.nba.com/game/nop-vs-phx-0022500912
22500913,https://www.nba.com/game/lac-vs-sas-0022500913
22500914,https://www.nba.com/game/ind-vs-lal-0022500914
22500918,https://www.nba.com/game/lac-vs-mem-0022500918
22500919,https://www.nba.com/game/uta-vs-mil-0022500919
22500920,https://www.nba.com/game/gsw-vs-okc-0022500920
22500915,https://www.nba.com/game/orl-vs-min-0022500915
22500916,https://www.nba.com/game/bkn-vs-det-0022500916
22500917,https://www.nba.com/game/phi-vs-atl-0022500917
22500926,https://www.nba.com/game/orl-vs-mil-0022500926
22500927,https://www.nba.com/game/hou-vs-sas-0022500927
22500929,https://www.nba.com/game/ind-vs-por-0022500929
22500930,https://www.nba.com/game/chi-vs-sac-0022500930
22500928,https://www.nba.com/game/cha-vs-phx-0022500928
22500921,https://www.nba.com/game/bos-vs-cle-0022500921
22500922,https://www.nba.com/game/nyk-vs-lal-0022500922
22500923,https://www.nba.com/game/det-vs-mia-0022500923
22500924,https://www.nba.com/game/dal-vs-tor-0022500924
22500925,https://www.nba.com/game/was-vs-nop-0022500925
22500934,https://www.nba.com/game/gsw-vs-uta-0022500934
22500935,https://www.nba.com/game/nyk-vs-lac-0022500935
22500931,https://www.nba.com/game/phi-vs-cle-0022500931
22500932,https://www.nba.com/game/mem-vs-bkn-0022500932
22500933,https://www.nba.com/game/den-vs-okc-0022500933
22500940,https://www.nba.com/game/tor-vs-hou-0022500940
22500941,https://www.nba.com/game/phx-vs-mil-0022500941
22500942,https://www.nba.com/game/bos-vs-sas-0022500942
22500943,https://www.nba.com/game/chi-vs-gsw-0022500943
22500944,https://www.nba.com/game/cha-vs-por-0022500944
22500945,https://www.nba.com/game/ind-vs-sac-0022500945
22500946,https://www.nba.com/game/min-vs-lal-0022500946
22500936,https://www.nba.com/game/mem-vs-phi-0022500936
22500937,https://www.nba.com/game/det-vs-bkn-0022500937
22500938,https://www.nba.com/game/was-vs-mia-0022500938
22500939,https://www.nba.com/game/dal-vs-atl-0022500939
22500948,https://www.nba.com/game/tor-vs-nop-0022500948
22500949,https://www.nba.com/game/nyk-vs-uta-0022500949
22500950,https://www.nba.com/game/hou-vs-den-0022500950
22500951,https://www.nba.com/game/cha-vs-sac-0022500951
22500952,https://www.nba.com/game/min-vs-lac-0022500952
22500947,https://www.nba.com/game/cle-vs-orl-0022500947
22501111,https://www.nba.com/game/dal-vs-mem-0022501111
22500958,https://www.nba.com/game/den-vs-sas-0022500958
22500959,https://www.nba.com/game/bos-vs-okc-0022500959
22500960,https://www.nba.com/game/chi-vs-lal-0022500960
22500953,https://www.nba.com/game/phi-vs-det-0022500953
22500954,https://www.nba.com/game/phx-vs-ind-0022500954
22500955,https://www.nba.com/game/was-vs-orl-0022500955
22500956,https://www.nba.com/game/bkn-vs-atl-0022500956
22500957,https://www.nba.com/game/mil-vs-mia-0022500957
22500964,https://www.nba.com/game/nop-vs-hou-0022500964
22500966,https://www.nba.com/game/min-vs-gsw-0022500966
22500967,https://www.nba.com/game/uta-vs-por-0022500967
22500968,https://www.nba.com/game/chi-vs-lac-0022500968
22500961,https://www.nba.com/game/mem-vs-det-0022500961
22500962,https://www.nba.com/game/nyk-vs-ind-0022500962
22500963,https://www.nba.com/game/phx-vs-tor-0022500963
22500965,https://www.nba.com/game/cle-vs-dal-0022500965
22500972,https://www.nba.com/game/orl-vs-mia-0022500972
22500974,https://www.nba.com/game/den-vs-lal-0022500974
22500975,https://www.nba.com/game/sac-vs-lac-0022500975
22500969,https://www.nba.com/game/bkn-vs-phi-0022500969
22500970,https://www.nba.com/game/mil-vs-atl-0022500970
22500973,https://www.nba.com/game/cha-vs-sas-0022500973
22500971,https://www.nba.com/game/was-vs-bos-0022500971
22500981,https://www.nba.com/game/gsw-vs-nyk-0022500981
22500982,https://www.nba.com/game/uta-vs-sac-0022500982
22500976,https://www.nba.com/game/min-vs-okc-0022500976
22500977,https://www.nba.com/game/dal-vs-cle-0022500977
22500978,https://www.nba.com/game/det-vs-tor-0022500978
22500979,https://www.nba.com/game/ind-vs-mil-0022500979
22500980,https://www.nba.com/game/por-vs-phi-0022500980
22500987,https://www.nba.com/game/mem-vs-chi-0022500987
22500988,https://www.nba.com/game/dal-vs-nop-0022500988
22500989,https://www.nba.com/game/lal-vs-hou-0022500989
22500990,https://www.nba.com/game/sas-vs-lac-0022500990
22500983,https://www.nba.com/game/orl-vs-atl-0022500983
22500984,https://www.nba.com/game/gsw-vs-was-0022500984
22500985,https://www.nba.com/game/por-vs-bkn-0022500985
22500986,https://www.nba.com/game/phx-vs-bos-0022500986
22500995,https://www.nba.com/game/cle-vs-mil-0022500995
22500996,https://www.nba.com/game/phx-vs-min-0022500996
22500997,https://www.nba.com/game/phi-vs-den-0022500997
22500998,https://www.nba.com/game/sas-vs-sac-0022500998
22500991,https://www.nba.com/game/mia-vs-cha-0022500991
22500992,https://www.nba.com/game/okc-vs-orl-0022500992
22500993,https://www.nba.com/game/det-vs-was-0022500993
22500994,https://www.nba.com/game/ind-vs-nyk-0022500994
22501002,https://www.nba.com/game/tor-vs-chi-0022501002
22501004,https://www.nba.com/game/uta-vs-min-0022501004
22501005,https://www.nba.com/game/lac-vs-nop-0022501005
22500651,https://www.nba.com/game/den-vs-mem-0022500651
22501006,https://www.nba.com/game/atl-vs-dal-0022501006
22501007,https://www.nba.com/game/lal-vs-hou-0022501007
22500999,https://www.nba.com/game/gsw-vs-bos-0022500999
22501000,https://www.nba.com/game/okc-vs-bkn-0022501000
22501001,https://www.nba.com/game/por-vs-ind-0022501001
22501010,https://www.nba.com/game/lal-vs-mia-0022501010
22501011,https://www.nba.com/game/cle-vs-chi-0022501011
22501012,https://www.nba.com/game/lac-vs-nop-0022501012
22501013,https://www.nba.com/game/phx-vs-sas-0022501013
22501014,https://www.nba.com/game/mil-vs-uta-0022501014
22501015,https://www.nba.com/game/phi-vs-sac-0022501015
22501008,https://www.nba.com/game/orl-vs-cha-0022501008
22501009,https://www.nba.com/game/det-vs-was-0022501009
22501018,https://www.nba.com/game/atl-vs-hou-0022501018
22501019,https://www.nba.com/game/bos-vs-mem-0022501019
22501020,https://www.nba.com/game/por-vs-min-0022501020
22501021,https://www.nba.com/game/tor-vs-den-0022501021
22501016,https://www.nba.com/game/nyk-vs-bkn-0022501016
22501017,https://www.nba.com/game/gsw-vs-det-0022501017
22501026,https://www.nba.com/game/gsw-vs-atl-0022501026
22501027,https://www.nba.com/game/mia-vs-hou-0022501027
22501028,https://www.nba.com/game/ind-vs-sas-0022501028
22501029,https://www.nba.com/game/lac-vs-dal-0022501029
22501030,https://www.nba.com/game/phi-vs-uta-0022501030
22501031,https://www.nba.com/game/mil-vs-phx-0022501031
22501022,https://www.nba.com/game/okc-vs-was-0022501022
22501023,https://www.nba.com/game/mem-vs-cha-0022501023
22501024,https://www.nba.com/game/lal-vs-orl-0022501024
22501025,https://www.nba.com/game/cle-vs-nop-0022501025
22501035,https://www.nba.com/game/min-vs-bos-0022501035
22501036,https://www.nba.com/game/tor-vs-phx-0022501036
22501032,https://www.nba.com/game/por-vs-den-0022501032
22501033,https://www.nba.com/game/bkn-vs-sac-0022501033
22501034,https://www.nba.com/game/was-vs-nyk-0022501034
22501042,https://www.nba.com/game/hou-vs-chi-0022501042
22501043,https://www.nba.com/game/tor-vs-uta-0022501043
22501044,https://www.nba.com/game/gsw-vs-dal-0022501044
22501045,https://www.nba.com/game/bkn-vs-por-0022501045
22501046,https://www.nba.com/game/mil-vs-lac-0022501046
22501038,https://www.nba.com/game/lal-vs-det-0022501038
22501039,https://www.nba.com/game/ind-vs-orl-0022501039
22501040,https://www.nba.com/game/okc-vs-phi-0022501040
22501041,https://www.nba.com/game/sas-vs-mia-0022501041
22501037,https://www.nba.com/game/mem-vs-atl-0022501037
22501049,https://www.nba.com/game/orl-vs-cle-0022501049
22501050,https://www.nba.com/game/den-vs-phx-0022501050
22501047,https://www.nba.com/game/sac-vs-cha-0022501047
22501048,https://www.nba.com/game/nop-vs-nyk-0022501048
22501056,https://www.nba.com/game/sas-vs-mem-0022501056
22501057,https://www.nba.com/game/was-vs-uta-0022501057
22501058,https://www.nba.com/game/hou-vs-min-0022501058
22501059,https://www.nba.com/game/dal-vs-den-0022501059
22501060,https://www.nba.com/game/bkn-vs-gsw-0022501060
22501061,https://www.nba.com/game/mil-vs-por-0022501061
22501062,https://www.nba.com/game/tor-vs-lac-0022501062
22501051,https://www.nba.com/game/atl-vs-det-0022501051
22501052,https://www.nba.com/game/lal-vs-ind-0022501052
22501053,https://www.nba.com/game/chi-vs-phi-0022501053
22501054,https://www.nba.com/game/okc-vs-bos-0022501054
22501055,https://www.nba.com/game/mia-vs-cle-0022501055
22501063,https://www.nba.com/game/nyk-vs-cha-0022501063
22501064,https://www.nba.com/game/nop-vs-det-0022501064
22501065,https://www.nba.com/game/sac-vs-orl-0022501065
22501069,https://www.nba.com/game/hou-vs-mem-0022501069
22501070,https://www.nba.com/game/chi-vs-okc-0022501070
22501071,https://www.nba.com/game/nop-vs-tor-0022501071
22501072,https://www.nba.com/game/uta-vs-den-0022501072
22501073,https://www.nba.com/game/was-vs-gsw-0022501073
22501074,https://www.nba.com/game/dal-vs-por-0022501074
22501075,https://www.nba.com/game/bkn-vs-lal-0022501075
22501066,https://www.nba.com/game/lac-vs-ind-0022501066
22501067,https://www.nba.com/game/atl-vs-bos-0022501067
22501068,https://www.nba.com/game/mia-vs-cle-0022501068
22501079,https://www.nba.com/game/chi-vs-mem-0022501079
22501081,https://www.nba.com/game/uta-vs-phx-0022501081
22501076,https://www.nba.com/game/sas-vs-mil-0022501076
22501080,https://www.nba.com/game/det-vs-min-0022501080
22501077,https://www.nba.com/game/phi-vs-cha-0022501077
22501078,https://www.nba.com/game/sac-vs-atl-0022501078
22501088,https://www.nba.com/game/hou-vs-nop-0022501088
22501089,https://www.nba.com/game/nyk-vs-okc-0022501089
22501090,https://www.nba.com/game/gsw-vs-den-0022501090
22501082,https://www.nba.com/game/lac-vs-mil-0022501082
22501083,https://www.nba.com/game/mia-vs-ind-0022501083
22501084,https://www.nba.com/game/sac-vs-bkn-0022501084
22501085,https://www.nba.com/game/bos-vs-cha-0022501085
22501086,https://www.nba.com/game/orl-vs-tor-0022501086
22501087,https://www.nba.com/game/was-vs-por-0022501087
22501091,https://www.nba.com/game/phi-vs-mia-0022501091
22501092,https://www.nba.com/game/bos-vs-atl-0022501092
22501093,https://www.nba.com/game/phx-vs-mem-0022501093
22501094,https://www.nba.com/game/chi-vs-sas-0022501094
22501095,https://www.nba.com/game/min-vs-dal-0022501095
22501096,https://www.nba.com/game/cle-vs-uta-0022501096
22501097,https://www.nba.com/game/det-vs-okc-0022501097
22501098,https://www.nba.com/game/was-vs-lal-0022501098
22501099,https://www.nba.com/game/phx-vs-orl-0022501099
22501100,https://www.nba.com/game/cha-vs-bkn-0022501100
22500652,https://www.nba.com/game/dal-vs-mil-0022500652
22501101,https://www.nba.com/game/tor-vs-det-0022501101
22501102,https://www.nba.com/game/nyk-vs-hou-0022501102
22501103,https://www.nba.com/game/cle-vs-lal-0022501103
22501104,https://www.nba.com/game/por-vs-lac-0022501104
22501105,https://www.nba.com/game/phi-vs-was-0022501105
22501106,https://www.nba.com/game/bos-vs-mia-0022501106
22501107,https://www.nba.com/game/atl-vs-orl-0022501107
22501003,https://www.nba.com/game/nyk-vs-mem-0022501003
22501108,https://www.nba.com/game/sac-vs-tor-0022501108
22501109,https://www.nba.com/game/ind-vs-chi-0022501109
22501110,https://www.nba.com/game/mil-vs-hou-0022501110
22501112,https://www.nba.com/game/den-vs-uta-0022501112
22501113,https://www.nba.com/game/sas-vs-gsw-0022501113
22501114,https://www.nba.com/game/phx-vs-cha-0022501114
22501115,https://www.nba.com/game/min-vs-det-0022501115
22501116,https://www.nba.com/game/lal-vs-okc-0022501116
22501117,https://www.nba.com/game/cle-vs-gsw-0022501117
22501118,https://www.nba.com/game/nop-vs-por-0022501118
22501119,https://www.nba.com/game/sas-vs-lac-0022501119
22501120,https://www.nba.com/game/ind-vs-cha-0022501120
22501121,https://www.nba.com/game/min-vs-phi-0022501121
22501122,https://www.nba.com/game/atl-vs-bkn-0022501122
22501123,https://www.nba.com/game/chi-vs-nyk-0022501123
22501124,https://www.nba.com/game/uta-vs-hou-0022501124
22501125,https://www.nba.com/game/tor-vs-mem-0022501125
22501126,https://www.nba.com/game/bos-vs-mil-0022501126
22501127,https://www.nba.com/game/orl-vs-dal-0022501127
22501128,https://www.nba.com/game/nop-vs-sac-0022501128
22501131,https://www.nba.com/game/det-vs-phi-0022501131
22501129,https://www.nba.com/game/was-vs-mia-0022501129
22501130,https://www.nba.com/game/sas-vs-den-0022501130
22501137,https://www.nba.com/game/cha-vs-min-0022501137
22501138,https://www.nba.com/game/orl-vs-nop-0022501138
22501139,https://www.nba.com/game/uta-vs-okc-0022501139
22501140,https://www.nba.com/game/lal-vs-dal-0022501140
22501141,https://www.nba.com/game/lac-vs-sac-0022501141
22501142,https://www.nba.com/game/hou-vs-gsw-0022501142
22501132,https://www.nba.com/game/tor-vs-bos-0022501132
22501133,https://www.nba.com/game/was-vs-bkn-0022501133
22501134,https://www.nba.com/game/phx-vs-chi-0022501134
22501135,https://www.nba.com/game/mem-vs-mil-0022501135
22501136,https://www.nba.com/game/ind-vs-cle-0022501136
22501143,https://www.nba.com/game/nyk-vs-atl-0022501143
22501144,https://www.nba.com/game/det-vs-orl-0022501144
22501145,https://www.nba.com/game/cle-vs-mem-0022501145
22501146,https://www.nba.com/game/phi-vs-sas-0022501146
22501147,https://www.nba.com/game/por-vs-den-0022501147
22501148,https://www.nba.com/game/chi-vs-was-0022501148
22501149,https://www.nba.com/game/cha-vs-bos-0022501149
22501150,https://www.nba.com/game/mil-vs-bkn-0022501150
22501151,https://www.nba.com/game/mia-vs-tor-0022501151
22501152,https://www.nba.com/game/min-vs-ind-0022501152
22501153,https://www.nba.com/game/uta-vs-nop-0022501153
22501154,https://www.nba.com/game/sac-vs-gsw-0022501154
22501155,https://www.nba.com/game/okc-vs-lal-0022501155
22501156,https://www.nba.com/game/dal-vs-lac-0022501156
22501157,https://www.nba.com/game/hou-vs-phx-0022501157
22501158,https://www.nba.com/game/atl-vs-cle-0022501158
22501159,https://www.nba.com/game/min-vs-orl-0022501159
22501160,https://www.nba.com/game/mil-vs-det-0022501160
22501162,https://www.nba.com/game/mem-vs-den-0022501162
22501161,https://www.nba.com/game/por-vs-sas-0022501161
22501163,https://www.nba.com/game/okc-vs-lac-0022501163
22501164,https://www.nba.com/game/dal-vs-phx-0022501164
22501165,https://www.nba.com/game/mia-vs-tor-0022501165
22501166,https://www.nba.com/game/chi-vs-was-0022501166
22501167,https://www.nba.com/game/ind-vs-bkn-0022501167
22501168,https://www.nba.com/game/bos-vs-nyk-0022501168
22501169,https://www.nba.com/game/phi-vs-hou-0022501169
22501170,https://www.nba.com/game/lal-vs-gsw-0022501170
22501171,https://www.nba.com/game/det-vs-cha-0022501171
22501172,https://www.nba.com/game/mia-vs-was-0022501172
22501173,https://www.nba.com/game/cle-vs-atl-0022501173
22501174,https://www.nba.com/game/nop-vs-bos-0022501174
22501175,https://www.nba.com/game/phi-vs-ind-0022501175
22501176,https://www.nba.com/game/tor-vs-nyk-0022501176
22501177,https://www.nba.com/game/orl-vs-chi-0022501177
22501179,https://www.nba.com/game/bkn-vs-mil-0022501179
22501180,https://www.nba.com/game/dal-vs-sas-0022501180
22501182,https://www.nba.com/game/okc-vs-den-0022501182
22501178,https://www.nba.com/game/min-vs-hou-0022501178
22501181,https://www.nba.com/game/mem-vs-uta-0022501181
22501183,https://www.nba.com/game/lac-vs-por-0022501183
22501184,https://www.nba.com/game/gsw-vs-sac-0022501184
22501185,https://www.nba.com/game/phx-vs-lal-0022501185
22501193,https://www.nba.com/game/chi-vs-dal-0022501193
22501194,https://www.nba.com/game/mem-vs-hou-0022501194
22501195,https://www.nba.com/game/nop-vs-min-0022501195
22501196,https://www.nba.com/game/phx-vs-okc-0022501196
22501197,https://www.nba.com/game/den-vs-sas-0022501197
22501198,https://www.nba.com/game/uta-vs-lal-0022501198
22501199,https://www.nba.com/game/gsw-vs-lac-0022501199
22501200,https://www.nba.com/game/sac-vs-por-0022501200
22501186,https://www.nba.com/game/orl-vs-bos-0022501186
22501187,https://www.nba.com/game/was-vs-cle-0022501187
22501188,https://www.nba.com/game/det-vs-ind-0022501188
22501189,https://www.nba.com/game/atl-vs-mia-0022501189
22501190,https://www.nba.com/game/cha-vs-nyk-0022501190
22501191,https://www.nba.com/game/mil-vs-phi-0022501191
22501192,https://www.nba.com/game/bkn-vs-tor-0022501192
